Preceding,breakfast,dinner,lunch,snack
p_breakfast,0.48130085487998286,0.03739552676401236,0.05440138390705141,0.06973078553263348
p_dinner,0.051936147564492476,0.20456191037436156,0.11066761496301704,0.040157257010199156
p_lunch,0.06840231316448035,0.07496771832828496,0.2652623890308873,0.05691571768213798
p_snack,0.07875977347254336,0.03189020464397048,0.05176193653341635,0.3190008762357263
